"","logFC","AveExpr","t","P.Value","adj.P.Val","B"
"RSAD2",3.78725816071387,7.28286877329715,62.7402082645809,7.55946930100501e-16,5.36495536292326e-12,25.9187667841278
"S",4.1343521838553,12.2244469241884,48.5960935229529,1.3803958213625e-14,4.89833457210483e-11,23.6402497875775
"IFIT3",1.8840277527168,10.3196704994577,46.5791595983419,2.23404197927041e-14,5.28499864229404e-11,23.2331316259885
"IFI44",1.77673767317329,9.05570228890516,42.8136208087727,5.81597186847148e-14,8.61035059920698e-11,22.4023165703117
"M",3.43932894360057,9.97402908611285,42.6211793905242,6.12094380671429e-14,8.61035059920698e-11,22.3571654274957
"IFIH1",1.61613761345349,10.443268676407,41.9748519313659,7.27942843387937e-14,8.61035059920698e-11,22.2034750536424
"MX2",2.27819778413494,8.71445446200941,39.8863816493776,1.29843268909998e-13,1.30819395385221e-10,21.6843089800527
"DDX58",1.10079097728964,10.9207530428932,39.4410549790543,1.47464444565559e-13,1.30819395385221e-10,21.5689297386941
"MX1",1.51203207252964,11.015844464072,37.6824654692721,2.47243551180347e-13,1.84348099175589e-10,21.0961127566291
"N",2.61854025821991,12.7490622282113,37.5185807811124,2.59754965725784e-13,1.84348099175589e-10,21.0505991269333
"OAS2",2.19205200775546,9.86358523914069,35.396146639899,5.02183439159671e-13,3.23999624337835e-10,20.4372581743002
"PARP12",1.43442334638052,8.86369027908916,34.4029853179857,6.92918274118304e-13,4.0036815351467e-10,20.134131132088
"TRIM22",2.72978847811663,7.43771627390895,34.2307818959847,7.33378328264156e-13,4.0036815351467e-10,20.0804653330313
"IFIT2",2.76723940928265,8.87522207981022,33.8529953305581,8.31432334022619e-13,4.03846147709912e-10,19.9615532875619
"CMPK2",1.69371236754643,7.91327867004792,33.7744519467555,8.53556744490443e-13,4.03846147709912e-10,19.9366254748603
"IFIT1",2.29742298488909,9.95316527572631,33.489055761607,9.39497960215293e-13,4.16726063977996e-10,19.8454438530906
"IFI44L",1.74448579513769,8.33486007638187,32.5418241434344,1.2993249899838e-12,5.42429967877355e-10,19.5358600498241
"SLC30A1",1.13544816464979,7.17549008449615,31.126325424161,2.14697404751731e-12,8.46504156401687e-10,19.052302871626
"AURKA",-1.14368107239597,7.61053603875829,-30.6629916382609,2.54292840310698e-12,9.49850677728958e-10,18.8882706318979
"ORF3a",5.62104744889014,8.92897848904909,30.2228025888414,2.99352359506138e-12,1.06225184770753e-09,18.7296836142568
"rep",3.52442191850401,8.79665761827141,29.3911703553916,4.10043170003481e-12,1.38575065595938e-09,18.4225020398511
"TP53",-1.3266454214771,7.59360657366124,-28.0648708333887,6.89861783801748e-12,2.22543139983682e-09,17.910992741295
"STAT1",1.00925226357788,11.4269191394958,27.8354104184254,7.56663924606879e-12,2.33480168388479e-09,17.8196635639363
"KIF20A",-1.62777350217572,8.01282861987865,-27.5799284058459,8.39414981834737e-12,2.4822200525338e-09,17.7169549836005
"TFRC",-1.070665228285,10.5023845864224,-27.4098964640666,8.99912825458258e-12,2.5546725289109e-09,17.6479933082115
"OASL",1.67719079783845,9.05137814329336,26.5805021077529,1.27142412705699e-11,3.34196186286054e-09,17.3044723366483
"TAX1BP1",-1.03961200345355,8.52764987846704,-26.0781728585951,1.57550714396257e-11,3.72712473356745e-09,17.090460398328
"SEMA7A",1.20192506134387,9.6368217650092,25.9695489718287,1.65115360592316e-11,3.78007649717311e-09,17.0435719107148
"ITM2C",-1.02757039528617,5.87912610673477,-25.4672245171594,2.05617644865492e-11,4.56021383003248e-09,16.8238422436929
"PARP10",1.01570878167598,8.4155167955359,25.0691713992604,2.45390504575312e-11,5.27738306354844e-09,16.6462594031212
"MUC20",-1.88966611006964,4.56052696039084,-24.851290397989,2.70641895699226e-11,5.48784438222116e-09,16.547724501724
"GBP4",1.3782099169769,8.93477520308045,24.6744016330703,2.93221128932636e-11,5.49703317405905e-09,16.4670216058617
"THBS1",1.236434620334,10.6457749466204,24.3376285513512,3.4207522495689e-11,6.22489197825397e-09,16.3115925324824
"STAT2",1.02882541095375,9.77022017923099,24.0727236161534,3.86720140260885e-11,6.86138208857875e-09,16.1876594774971
"IRF7",2.04139077760172,4.86714217621658,23.872111905677,4.24736375471459e-11,7.1770334683832e-09,16.0928055348309
"KIF2C",-1.16514468990097,8.22512350864842,-23.5499764042678,4.94544719524983e-11,8.16228808016001e-09,15.9386535740381
"RAD51AP1",-1.10819808407344,6.51601154286723,-23.4110106186388,5.28425248516531e-11,8.52325906527686e-09,15.8714426487238
"SLC39A10",-1.25574612701807,7.16111673549243,-23.3260684721298,5.50370346375733e-11,8.64592896313335e-09,15.8301461948058
"TPX2",-1.0847686933827,10.3622987754464,-22.8988395836429,6.76839031893987e-11,1.01095110173549e-08,15.6199348028835
"IFNGR1",-1.20668762600596,5.47407452963109,-22.8780550934218,6.83748807711761e-11,1.01095110173549e-08,15.6096000430316
"IFI6",1.46725944341706,4.8244144264562,22.4892452449694,8.28194907853470e-11,1.17553985220722e-08,15.4143814543242
"HERC5",1.58480838382275,7.07919012634031,21.9795946068975,1.06992485734213e-10,1.46024167549175e-08,15.1529242372937
"TYMS",-1.19834720936366,6.32614717283785,-21.2921107461678,1.52531117566956e-10,2.04247800258998e-08,14.7897976266566
"CEP55",-1.43130158086181,8.36549955967766,-21.2055312645036,1.59620703013234e-10,2.09782986904615e-08,14.7431863943414
"CYP24A1",-1.04501401662694,8.4590653385459,-21.1410451043553,1.65133472220987e-10,2.10622397588108e-08,14.708338457591
"RARRES1",-1.04422108996317,7.38903104199157,-20.8567125526661,1.92029755887432e-10,2.37918685580387e-08,14.553337335576
"PLK1",-1.06533328417102,8.72863565916096,-20.8333897196449,1.94438266361314e-10,2.37918685580387e-08,14.5405244608004
"ORF9b",3.76087422801251,11.7663558072401,20.6678867941067,2.12501238228439e-10,2.55613777577497e-08,14.449166568294
"OAS1",1.80543328445434,7.42997762802771,20.6206005283061,2.17990820942428e-10,2.57846809371402e-08,14.4229233133288
"PTGS2",-1.55223129260671,7.68669543599626,-20.5658842973166,2.2453581169582e-10,2.61234533705776e-08,14.3924776292556
"TMBIM6",-2.65762164144279,3.77364144903846,-20.4778242825257,2.35521530830537e-10,2.695961781136e-08,14.343299803582
"CKS2",-1.02578204377973,7.43469229198276,-20.0087970087926,3.0476991602205e-10,3.22828670747536e-08,14.0775876633518
"ORF6",2.08923877230374,5.65050746981429,19.8115982045649,3.40237768390029e-10,3.55098153274123e-08,13.9639282375748
"CSN3",-1.04414749502888,6.18252407065219,-18.5838530843072,6.91799476290544e-10,6.81902900449165e-08,13.2289145292403
"TTK",-1.01974983397728,8.17868985674541,-18.2737830148514,8.33394296021124e-10,7.58281963956656e-08,13.0354176022535
"CDC20",-1.06253002222547,7.39042393809029,-17.8150793615175,1.10377425357677e-09,9.43793479233054e-08,12.7429770446978
"UBE2C",-1.16722924555356,7.76887698052468,-17.7493528653118,1.14975728677798e-09,9.71408031459919e-08,12.7004526332609
"HJURP",-1.02843623573588,6.94788725305076,-17.4130130846331,1.41999223039356e-09,1.11974276212257e-07,12.4803376210999
"NCOA4",-1.46139390368091,5.38802265984571,-16.9530719512758,1.90707489806718e-09,1.38107250526355e-07,12.1723491587193
"KLHL24",-1.84845561488956,3.21204745113491,-16.3972143626621,2.75131657500593e-09,1.82486857316048e-07,11.7888683096747
"APLP2",-1.25340319023384,6.91737002865093,-15.9369844883398,3.75970131912663e-09,2.36129205857006e-07,11.4615500169187
"LYZ",-1.42799058094306,4.48674773860423,-15.9126685335354,3.8231238427361e-09,2.38006227297352e-07,11.4440001618308
"FTH1",1.37168618625553,8.37802054888034,15.4589315727342,5.24674238158146e-09,3.07736617207303e-07,11.1116437189334
"GJB1",-1.33746101610755,5.80952904101462,-15.3047878274886,5.85375346345817e-09,3.35032970404537e-07,10.9965812871729
"SAMD9L",1.15111377639654,7.61840145692915,15.2172754266425,6.23192653239662e-09,3.45531114065772e-07,10.9307581540543
"NUSAP1",-1.59042578593962,5.01655646026828,-14.8574195338583,8.0898622353641e-09,4.3591442982963e-07,10.6562109869977
"ZCCHC2",1.049674624058,4.65948365106936,14.8544067102913,8.10775042095408e-09,4.3591442982963e-07,10.6538856153061
"FDCSP",-2.90615084134005,-Inf,-16.3395980480509,9.31192977772001e-09,4.82385150602036e-07,10.6526261417244
"TFCP2L1",-1.34734543926477,5.26852560641497,-14.2896506708484,1.23567945011736e-08,6.00658702567323e-07,10.2098630943583
"ISG15",1.54570247277622,9.28654313142879,14.1455012206922,1.37931440370539e-08,6.56979484771622e-07,10.0938686736368
"SP110",1.03469227327173,8.5008527191283,14.0045115484093,1.53744537666184e-08,7.08522716764227e-07,9.97933575413113
"PDZK1IP1",-2.3734360564143,4.16394977982858,-13.7653390345142,1.8524422641434e-08,8.23892395439441e-07,9.78254909655397
"NBR1",-1.07425595559117,5.0219968328514,-13.3656097993569,2.54612374572603e-08,1.06922131499513e-06,9.4464358049073
"ORF8",2.11537917528746,6.43272082495032,13.343646909241,2.59164476203433e-08,1.08193546330339e-06,9.42769944530258
"CXCL5",-1.19153326436856,6.42920841563197,-13.2817230788083,2.72480126010198e-08,1.11137439901976e-06,9.37471907556964
"PTTG1",-1.24649298588449,4.61673049515822,-12.6795953390008,4.48466925476706e-08,1.67514198426746e-06,8.84739659319252
"CFAP100",-1.25338350681729,6.9095178865622,-11.08816906974,1.86218962766691e-07,5.62381267555408e-06,7.33711905721118
"SERINC1",-1.10738835097185,4.87161702430021,-10.4019218922823,3.63251108397205e-07,9.72827591054702e-06,6.62696436194349
"ASF1B",-1.17933932172991,4.3737147762245,-10.2998546440459,4.02452927732595e-07,1.06178751974655e-05,6.51798868244604
"URB1-AS1",-1.02798354935638,4.39509244286904,-10.2493190192565,4.23532072961078e-07,1.11326189696473e-05,6.46369935638376
"TGFBI",1.09384596298857,10.4278624205314,9.72234027836681,7.30391236412914e-07,1.70512717263896e-05,5.88403054407197
"CHCHD2",-1.02176736093174,3.85089694452276,-9.44901437875634,9.7813668970562e-07,2.13594956518178e-05,5.57326927261807
"RNF128",-1.24795791451828,4.76580787219394,-9.39011404395705,1.04259285134471e-06,2.23543246706748e-05,5.5053632751449
"TMEM59",-1.76016784535165,3.43483567762888,-9.37156583242267,1.06382678203524e-06,2.27408996147714e-05,5.4839091469137
"SOX11",1.94269116558429,5.48729014035258,9.27846399791438,1.17768592033104e-06,2.4654976332122e-05,5.37571121710527
"LAPTM4A",-2.02434546088489,2.8256916957001,-9.17520904003177,1.31950874167076e-06,2.68325316321987e-05,5.25470981533529
"TIMP2",-1.09394310774828,7.45471110251479,-8.92580955296306,1.74381354502186e-06,3.34482289973517e-05,4.95800536735522
"SYNE1",-1.1554046052011,6.6888756665538,-8.74478594858633,2.14305852307993e-06,3.95705324112784e-05,4.73862051476458
"PPP1R14C",-1.17396072360101,3.77638203056733,-6.96018534633744,1.9758750572105e-05,0.000235281632231928,2.37699805495255
"RPL26L1",-1.43975365935872,2.71400827015461,-6.73852416197801,2.67321713283454e-05,0.000298299087920232,2.0562852562426
"THEMIS2",1.04061835310847,5.59188577434148,6.68119808582095,2.89355333823596e-05,0.000317887740579886,1.9722897085903
"ETS1",1.0179541487661,7.13934414801633,6.60322741664031,3.2248882542252e-05,0.0003467732112157,1.85734441094504
"TOMM20",1.11399225371652,6.93395467839343,6.15565948645222,6.10335795317259e-05,0.000574476543682571,1.18170983816564
"H1-4",1.38708625142013,6.89202863468399,6.06183027396087,7.00074834579106e-05,0.000633728456761214,1.03661325385575
"LDB1",1.33945302470531,4.42416227500169,6.00960874228458,7.56013669643741e-05,0.000668172978015147,0.955335690044659
"DHX58",1.05104577069513,-Inf,5.2280144815658,0.000337836082993512,0.0020976576386745,-0.437009450036907
"FTL",1.00520304628315,7.18493746440309,5.07422353220463,0.000319611600644338,0.00201855481561538,-0.563668619464156
"DBI",1.15280439389588,8.20388593617132,4.22402458015458,0.00131689065831823,0.00613994149318239,-2.04187305180444
"TIMM9",1.03619969153045,7.11102651926581,3.80728655452081,0.00272516321219898,0.0108289380274223,-2.79324891257714
"DPY30",1.16749214829019,5.94225791477041,3.38151763246892,0.0058307136887729,0.0197238203285135,-3.57107185898188
"CHD9",1.26460694771087,3.54300268138684,3.09947543603929,0.00971410468428618,0.0292370657100844,-4.0871430361951
"EFCAB6",-1.08139236193717,5.8926828741243,-3.03587175913994,0.0109035733300884,0.0318709472502624,-4.20313647627108
"NA",NA,NA,NA,NA,NA,NA
"NA.1",NA,NA,NA,NA,NA,NA
"NA.2",NA,NA,NA,NA,NA,NA
"NA.3",NA,NA,NA,NA,NA,NA
"NA.4",NA,NA,NA,NA,NA,NA
"NA.5",NA,NA,NA,NA,NA,NA
"NA.6",NA,NA,NA,NA,NA,NA
"NA.7",NA,NA,NA,NA,NA,NA
"NA.8",NA,NA,NA,NA,NA,NA
"NA.9",NA,NA,NA,NA,NA,NA
"NA.10",NA,NA,NA,NA,NA,NA
"NA.11",NA,NA,NA,NA,NA,NA
"NA.12",NA,NA,NA,NA,NA,NA
"NA.13",NA,NA,NA,NA,NA,NA
"NA.14",NA,NA,NA,NA,NA,NA
"NA.15",NA,NA,NA,NA,NA,NA
"NA.16",NA,NA,NA,NA,NA,NA
"NA.17",NA,NA,NA,NA,NA,NA
"NA.18",NA,NA,NA,NA,NA,NA
"NA.19",NA,NA,NA,NA,NA,NA
"NA.20",NA,NA,NA,NA,NA,NA
"NA.21",NA,NA,NA,NA,NA,NA
"NA.22",NA,NA,NA,NA,NA,NA
"NA.23",NA,NA,NA,NA,NA,NA
"NA.24",NA,NA,NA,NA,NA,NA
"NA.25",NA,NA,NA,NA,NA,NA
"NA.26",NA,NA,NA,NA,NA,NA
"NA.27",NA,NA,NA,NA,NA,NA
"NA.28",NA,NA,NA,NA,NA,NA
"NA.29",NA,NA,NA,NA,NA,NA
"NA.30",NA,NA,NA,NA,NA,NA
"NA.31",NA,NA,NA,NA,NA,NA
"NA.32",NA,NA,NA,NA,NA,NA
"NA.33",NA,NA,NA,NA,NA,NA
"NA.34",NA,NA,NA,NA,NA,NA
"NA.35",NA,NA,NA,NA,NA,NA
"NA.36",NA,NA,NA,NA,NA,NA
"NA.37",NA,NA,NA,NA,NA,NA
"NA.38",NA,NA,NA,NA,NA,NA
"NA.39",NA,NA,NA,NA,NA,NA
"NA.40",NA,NA,NA,NA,NA,NA
"NA.41",NA,NA,NA,NA,NA,NA
"NA.42",NA,NA,NA,NA,NA,NA
"NA.43",NA,NA,NA,NA,NA,NA
"NA.44",NA,NA,NA,NA,NA,NA
"NA.45",NA,NA,NA,NA,NA,NA
"NA.46",NA,NA,NA,NA,NA,NA
"NA.47",NA,NA,NA,NA,NA,NA
"NA.48",NA,NA,NA,NA,NA,NA
"NA.49",NA,NA,NA,NA,NA,NA
"NA.50",NA,NA,NA,NA,NA,NA
"NA.51",NA,NA,NA,NA,NA,NA
"NA.52",NA,NA,NA,NA,NA,NA
"NA.53",NA,NA,NA,NA,NA,NA
"NA.54",NA,NA,NA,NA,NA,NA
"NA.55",NA,NA,NA,NA,NA,NA
"NA.56",NA,NA,NA,NA,NA,NA
"NA.57",NA,NA,NA,NA,NA,NA
"NA.58",NA,NA,NA,NA,NA,NA
"NA.59",NA,NA,NA,NA,NA,NA
"NA.60",NA,NA,NA,NA,NA,NA
"NA.61",NA,NA,NA,NA,NA,NA
"NA.62",NA,NA,NA,NA,NA,NA
"NA.63",NA,NA,NA,NA,NA,NA
"NA.64",NA,NA,NA,NA,NA,NA
"NA.65",NA,NA,NA,NA,NA,NA
"NA.66",NA,NA,NA,NA,NA,NA
"NA.67",NA,NA,NA,NA,NA,NA
"NA.68",NA,NA,NA,NA,NA,NA
"NA.69",NA,NA,NA,NA,NA,NA
"NA.70",NA,NA,NA,NA,NA,NA
"NA.71",NA,NA,NA,NA,NA,NA
"NA.72",NA,NA,NA,NA,NA,NA
"NA.73",NA,NA,NA,NA,NA,NA
"NA.74",NA,NA,NA,NA,NA,NA
"NA.75",NA,NA,NA,NA,NA,NA
"NA.76",NA,NA,NA,NA,NA,NA
"NA.77",NA,NA,NA,NA,NA,NA
"NA.78",NA,NA,NA,NA,NA,NA
"NA.79",NA,NA,NA,NA,NA,NA
"NA.80",NA,NA,NA,NA,NA,NA
"NA.81",NA,NA,NA,NA,NA,NA
"NA.82",NA,NA,NA,NA,NA,NA
"NA.83",NA,NA,NA,NA,NA,NA
"NA.84",NA,NA,NA,NA,NA,NA
"NA.85",NA,NA,NA,NA,NA,NA
"NA.86",NA,NA,NA,NA,NA,NA
"NA.87",NA,NA,NA,NA,NA,NA
"NA.88",NA,NA,NA,NA,NA,NA
"NA.89",NA,NA,NA,NA,NA,NA
"NA.90",NA,NA,NA,NA,NA,NA
"NA.91",NA,NA,NA,NA,NA,NA
"NA.92",NA,NA,NA,NA,NA,NA
"NA.93",NA,NA,NA,NA,NA,NA
"NA.94",NA,NA,NA,NA,NA,NA
"NA.95",NA,NA,NA,NA,NA,NA
"NA.96",NA,NA,NA,NA,NA,NA
"NA.97",NA,NA,NA,NA,NA,NA
"NA.98",NA,NA,NA,NA,NA,NA
"NA.99",NA,NA,NA,NA,NA,NA
"NA.100",NA,NA,NA,NA,NA,NA
"NA.101",NA,NA,NA,NA,NA,NA
"NA.102",NA,NA,NA,NA,NA,NA
"NA.103",NA,NA,NA,NA,NA,NA
"NA.104",NA,NA,NA,NA,NA,NA
"NA.105",NA,NA,NA,NA,NA,NA
"NA.106",NA,NA,NA,NA,NA,NA
"NA.107",NA,NA,NA,NA,NA,NA
"NA.108",NA,NA,NA,NA,NA,NA
"NA.109",NA,NA,NA,NA,NA,NA
"NA.110",NA,NA,NA,NA,NA,NA
"NA.111",NA,NA,NA,NA,NA,NA
"NA.112",NA,NA,NA,NA,NA,NA
"NA.113",NA,NA,NA,NA,NA,NA
"NA.114",NA,NA,NA,NA,NA,NA
"NA.115",NA,NA,NA,NA,NA,NA
"NA.116",NA,NA,NA,NA,NA,NA
"NA.117",NA,NA,NA,NA,NA,NA
"NA.118",NA,NA,NA,NA,NA,NA
"NA.119",NA,NA,NA,NA,NA,NA
"NA.120",NA,NA,NA,NA,NA,NA
"NA.121",NA,NA,NA,NA,NA,NA
"NA.122",NA,NA,NA,NA,NA,NA
"NA.123",NA,NA,NA,NA,NA,NA
"NA.124",NA,NA,NA,NA,NA,NA
"NA.125",NA,NA,NA,NA,NA,NA
"NA.126",NA,NA,NA,NA,NA,NA
"NA.127",NA,NA,NA,NA,NA,NA
"NA.128",NA,NA,NA,NA,NA,NA
"NA.129",NA,NA,NA,NA,NA,NA
"NA.130",NA,NA,NA,NA,NA,NA
"NA.131",NA,NA,NA,NA,NA,NA
"NA.132",NA,NA,NA,NA,NA,NA
"NA.133",NA,NA,NA,NA,NA,NA
"NA.134",NA,NA,NA,NA,NA,NA
"NA.135",NA,NA,NA,NA,NA,NA
"NA.136",NA,NA,NA,NA,NA,NA
"NA.137",NA,NA,NA,NA,NA,NA
"NA.138",NA,NA,NA,NA,NA,NA
"NA.139",NA,NA,NA,NA,NA,NA
"NA.140",NA,NA,NA,NA,NA,NA
"NA.141",NA,NA,NA,NA,NA,NA
"NA.142",NA,NA,NA,NA,NA,NA
"NA.143",NA,NA,NA,NA,NA,NA
"NA.144",NA,NA,NA,NA,NA,NA
"NA.145",NA,NA,NA,NA,NA,NA
"NA.146",NA,NA,NA,NA,NA,NA
"NA.147",NA,NA,NA,NA,NA,NA
"NA.148",NA,NA,NA,NA,NA,NA
"NA.149",NA,NA,NA,NA,NA,NA
"NA.150",NA,NA,NA,NA,NA,NA
"NA.151",NA,NA,NA,NA,NA,NA
"NA.152",NA,NA,NA,NA,NA,NA
"NA.153",NA,NA,NA,NA,NA,NA
"NA.154",NA,NA,NA,NA,NA,NA
"NA.155",NA,NA,NA,NA,NA,NA
"NA.156",NA,NA,NA,NA,NA,NA
"NA.157",NA,NA,NA,NA,NA,NA
"NA.158",NA,NA,NA,NA,NA,NA
"NA.159",NA,NA,NA,NA,NA,NA
"NA.160",NA,NA,NA,NA,NA,NA
"NA.161",NA,NA,NA,NA,NA,NA
"NA.162",NA,NA,NA,NA,NA,NA
"NA.163",NA,NA,NA,NA,NA,NA
"NA.164",NA,NA,NA,NA,NA,NA
"NA.165",NA,NA,NA,NA,NA,NA
"NA.166",NA,NA,NA,NA,NA,NA
"NA.167",NA,NA,NA,NA,NA,NA
"NA.168",NA,NA,NA,NA,NA,NA
"NA.169",NA,NA,NA,NA,NA,NA
"NA.170",NA,NA,NA,NA,NA,NA
"NA.171",NA,NA,NA,NA,NA,NA
"NA.172",NA,NA,NA,NA,NA,NA
"NA.173",NA,NA,NA,NA,NA,NA
"NA.174",NA,NA,NA,NA,NA,NA
"NA.175",NA,NA,NA,NA,NA,NA
"NA.176",NA,NA,NA,NA,NA,NA
"NA.177",NA,NA,NA,NA,NA,NA
"NA.178",NA,NA,NA,NA,NA,NA
"NA.179",NA,NA,NA,NA,NA,NA
"NA.180",NA,NA,NA,NA,NA,NA
"NA.181",NA,NA,NA,NA,NA,NA
"NA.182",NA,NA,NA,NA,NA,NA
"NA.183",NA,NA,NA,NA,NA,NA
"NA.184",NA,NA,NA,NA,NA,NA
"NA.185",NA,NA,NA,NA,NA,NA
"NA.186",NA,NA,NA,NA,NA,NA
"NA.187",NA,NA,NA,NA,NA,NA
"NA.188",NA,NA,NA,NA,NA,NA
"NA.189",NA,NA,NA,NA,NA,NA
"NA.190",NA,NA,NA,NA,NA,NA
"NA.191",NA,NA,NA,NA,NA,NA
"NA.192",NA,NA,NA,NA,NA,NA
"NA.193",NA,NA,NA,NA,NA,NA
"NA.194",NA,NA,NA,NA,NA,NA
"NA.195",NA,NA,NA,NA,NA,NA
"NA.196",NA,NA,NA,NA,NA,NA
"NA.197",NA,NA,NA,NA,NA,NA
"NA.198",NA,NA,NA,NA,NA,NA
"NA.199",NA,NA,NA,NA,NA,NA
"NA.200",NA,NA,NA,NA,NA,NA
"NA.201",NA,NA,NA,NA,NA,NA
"NA.202",NA,NA,NA,NA,NA,NA
"NA.203",NA,NA,NA,NA,NA,NA
"NA.204",NA,NA,NA,NA,NA,NA
"NA.205",NA,NA,NA,NA,NA,NA
"NA.206",NA,NA,NA,NA,NA,NA
"NA.207",NA,NA,NA,NA,NA,NA
"NA.208",NA,NA,NA,NA,NA,NA
"NA.209",NA,NA,NA,NA,NA,NA
"NA.210",NA,NA,NA,NA,NA,NA
"NA.211",NA,NA,NA,NA,NA,NA
"NA.212",NA,NA,NA,NA,NA,NA
"NA.213",NA,NA,NA,NA,NA,NA
"NA.214",NA,NA,NA,NA,NA,NA
"NA.215",NA,NA,NA,NA,NA,NA
"NA.216",NA,NA,NA,NA,NA,NA
"NA.217",NA,NA,NA,NA,NA,NA
"NA.218",NA,NA,NA,NA,NA,NA
"NA.219",NA,NA,NA,NA,NA,NA
"NA.220",NA,NA,NA,NA,NA,NA
"NA.221",NA,NA,NA,NA,NA,NA
"NA.222",NA,NA,NA,NA,NA,NA
"NA.223",NA,NA,NA,NA,NA,NA
"NA.224",NA,NA,NA,NA,NA,NA
"NA.225",NA,NA,NA,NA,NA,NA
"NA.226",NA,NA,NA,NA,NA,NA
"NA.227",NA,NA,NA,NA,NA,NA
"NA.228",NA,NA,NA,NA,NA,NA
"NA.229",NA,NA,NA,NA,NA,NA
"NA.230",NA,NA,NA,NA,NA,NA
"NA.231",NA,NA,NA,NA,NA,NA
"NA.232",NA,NA,NA,NA,NA,NA
"NA.233",NA,NA,NA,NA,NA,NA
"NA.234",NA,NA,NA,NA,NA,NA
"NA.235",NA,NA,NA,NA,NA,NA
"NA.236",NA,NA,NA,NA,NA,NA
"NA.237",NA,NA,NA,NA,NA,NA
"NA.238",NA,NA,NA,NA,NA,NA
"NA.239",NA,NA,NA,NA,NA,NA
"NA.240",NA,NA,NA,NA,NA,NA
"NA.241",NA,NA,NA,NA,NA,NA
"NA.242",NA,NA,NA,NA,NA,NA
"NA.243",NA,NA,NA,NA,NA,NA
"NA.244",NA,NA,NA,NA,NA,NA
"NA.245",NA,NA,NA,NA,NA,NA
"NA.246",NA,NA,NA,NA,NA,NA
"NA.247",NA,NA,NA,NA,NA,NA
"NA.248",NA,NA,NA,NA,NA,NA
"NA.249",NA,NA,NA,NA,NA,NA
"NA.250",NA,NA,NA,NA,NA,NA
"NA.251",NA,NA,NA,NA,NA,NA
"NA.252",NA,NA,NA,NA,NA,NA
"NA.253",NA,NA,NA,NA,NA,NA
"NA.254",NA,NA,NA,NA,NA,NA
"NA.255",NA,NA,NA,NA,NA,NA
"NA.256",NA,NA,NA,NA,NA,NA
"NA.257",NA,NA,NA,NA,NA,NA
"NA.258",NA,NA,NA,NA,NA,NA
"NA.259",NA,NA,NA,NA,NA,NA
"NA.260",NA,NA,NA,NA,NA,NA
"NA.261",NA,NA,NA,NA,NA,NA
"NA.262",NA,NA,NA,NA,NA,NA
"NA.263",NA,NA,NA,NA,NA,NA
"NA.264",NA,NA,NA,NA,NA,NA
"NA.265",NA,NA,NA,NA,NA,NA
"NA.266",NA,NA,NA,NA,NA,NA
"NA.267",NA,NA,NA,NA,NA,NA
"NA.268",NA,NA,NA,NA,NA,NA
"NA.269",NA,NA,NA,NA,NA,NA
"NA.270",NA,NA,NA,NA,NA,NA
"NA.271",NA,NA,NA,NA,NA,NA
"NA.272",NA,NA,NA,NA,NA,NA
"NA.273",NA,NA,NA,NA,NA,NA
"NA.274",NA,NA,NA,NA,NA,NA
"NA.275",NA,NA,NA,NA,NA,NA
"NA.276",NA,NA,NA,NA,NA,NA
"NA.277",NA,NA,NA,NA,NA,NA
"NA.278",NA,NA,NA,NA,NA,NA
"NA.279",NA,NA,NA,NA,NA,NA
"NA.280",NA,NA,NA,NA,NA,NA
"NA.281",NA,NA,NA,NA,NA,NA
"NA.282",NA,NA,NA,NA,NA,NA
"NA.283",NA,NA,NA,NA,NA,NA
"NA.284",NA,NA,NA,NA,NA,NA
"NA.285",NA,NA,NA,NA,NA,NA
"NA.286",NA,NA,NA,NA,NA,NA
"NA.287",NA,NA,NA,NA,NA,NA
"NA.288",NA,NA,NA,NA,NA,NA
"NA.289",NA,NA,NA,NA,NA,NA
"NA.290",NA,NA,NA,NA,NA,NA
"NA.291",NA,NA,NA,NA,NA,NA
"NA.292",NA,NA,NA,NA,NA,NA
"NA.293",NA,NA,NA,NA,NA,NA
"NA.294",NA,NA,NA,NA,NA,NA
"NA.295",NA,NA,NA,NA,NA,NA
"NA.296",NA,NA,NA,NA,NA,NA
"NA.297",NA,NA,NA,NA,NA,NA
"NA.298",NA,NA,NA,NA,NA,NA
"NA.299",NA,NA,NA,NA,NA,NA
"NA.300",NA,NA,NA,NA,NA,NA
"NA.301",NA,NA,NA,NA,NA,NA
"NA.302",NA,NA,NA,NA,NA,NA
"NA.303",NA,NA,NA,NA,NA,NA
"NA.304",NA,NA,NA,NA,NA,NA
"NA.305",NA,NA,NA,NA,NA,NA
"NA.306",NA,NA,NA,NA,NA,NA
"NA.307",NA,NA,NA,NA,NA,NA
"NA.308",NA,NA,NA,NA,NA,NA
"NA.309",NA,NA,NA,NA,NA,NA
"NA.310",NA,NA,NA,NA,NA,NA
"NA.311",NA,NA,NA,NA,NA,NA
"NA.312",NA,NA,NA,NA,NA,NA
"NA.313",NA,NA,NA,NA,NA,NA
"NA.314",NA,NA,NA,NA,NA,NA
"NA.315",NA,NA,NA,NA,NA,NA
"NA.316",NA,NA,NA,NA,NA,NA
"NA.317",NA,NA,NA,NA,NA,NA
"NA.318",NA,NA,NA,NA,NA,NA
"NA.319",NA,NA,NA,NA,NA,NA
"NA.320",NA,NA,NA,NA,NA,NA
"NA.321",NA,NA,NA,NA,NA,NA
"NA.322",NA,NA,NA,NA,NA,NA
"NA.323",NA,NA,NA,NA,NA,NA
"NA.324",NA,NA,NA,NA,NA,NA
"NA.325",NA,NA,NA,NA,NA,NA
"NA.326",NA,NA,NA,NA,NA,NA
"NA.327",NA,NA,NA,NA,NA,NA
"NA.328",NA,NA,NA,NA,NA,NA
"NA.329",NA,NA,NA,NA,NA,NA
"NA.330",NA,NA,NA,NA,NA,NA
"NA.331",NA,NA,NA,NA,NA,NA
"NA.332",NA,NA,NA,NA,NA,NA
"NA.333",NA,NA,NA,NA,NA,NA
"NA.334",NA,NA,NA,NA,NA,NA
"NA.335",NA,NA,NA,NA,NA,NA
"NA.336",NA,NA,NA,NA,NA,NA
"NA.337",NA,NA,NA,NA,NA,NA
"NA.338",NA,NA,NA,NA,NA,NA
"NA.339",NA,NA,NA,NA,NA,NA
"NA.340",NA,NA,NA,NA,NA,NA
"NA.341",NA,NA,NA,NA,NA,NA
"NA.342",NA,NA,NA,NA,NA,NA
"NA.343",NA,NA,NA,NA,NA,NA
"NA.344",NA,NA,NA,NA,NA,NA
"NA.345",NA,NA,NA,NA,NA,NA
"NA.346",NA,NA,NA,NA,NA,NA
"NA.347",NA,NA,NA,NA,NA,NA
"NA.348",NA,NA,NA,NA,NA,NA
"NA.349",NA,NA,NA,NA,NA,NA
"NA.350",NA,NA,NA,NA,NA,NA
"NA.351",NA,NA,NA,NA,NA,NA
"NA.352",NA,NA,NA,NA,NA,NA
"NA.353",NA,NA,NA,NA,NA,NA
"NA.354",NA,NA,NA,NA,NA,NA
"NA.355",NA,NA,NA,NA,NA,NA
"NA.356",NA,NA,NA,NA,NA,NA
"NA.357",NA,NA,NA,NA,NA,NA
"NA.358",NA,NA,NA,NA,NA,NA
"NA.359",NA,NA,NA,NA,NA,NA
"NA.360",NA,NA,NA,NA,NA,NA
"NA.361",NA,NA,NA,NA,NA,NA
"NA.362",NA,NA,NA,NA,NA,NA
"NA.363",NA,NA,NA,NA,NA,NA
"NA.364",NA,NA,NA,NA,NA,NA
"NA.365",NA,NA,NA,NA,NA,NA
"NA.366",NA,NA,NA,NA,NA,NA
"NA.367",NA,NA,NA,NA,NA,NA
"NA.368",NA,NA,NA,NA,NA,NA
"NA.369",NA,NA,NA,NA,NA,NA
"NA.370",NA,NA,NA,NA,NA,NA
"NA.371",NA,NA,NA,NA,NA,NA
"NA.372",NA,NA,NA,NA,NA,NA
"NA.373",NA,NA,NA,NA,NA,NA
"NA.374",NA,NA,NA,NA,NA,NA
"NA.375",NA,NA,NA,NA,NA,NA
"NA.376",NA,NA,NA,NA,NA,NA
"NA.377",NA,NA,NA,NA,NA,NA
"NA.378",NA,NA,NA,NA,NA,NA
"NA.379",NA,NA,NA,NA,NA,NA
"NA.380",NA,NA,NA,NA,NA,NA
"NA.381",NA,NA,NA,NA,NA,NA
"NA.382",NA,NA,NA,NA,NA,NA
"NA.383",NA,NA,NA,NA,NA,NA
"NA.384",NA,NA,NA,NA,NA,NA
"NA.385",NA,NA,NA,NA,NA,NA
"NA.386",NA,NA,NA,NA,NA,NA
"NA.387",NA,NA,NA,NA,NA,NA
"NA.388",NA,NA,NA,NA,NA,NA
"NA.389",NA,NA,NA,NA,NA,NA
"NA.390",NA,NA,NA,NA,NA,NA
"NA.391",NA,NA,NA,NA,NA,NA
"NA.392",NA,NA,NA,NA,NA,NA
"NA.393",NA,NA,NA,NA,NA,NA
"NA.394",NA,NA,NA,NA,NA,NA
"NA.395",NA,NA,NA,NA,NA,NA
"NA.396",NA,NA,NA,NA,NA,NA
"NA.397",NA,NA,NA,NA,NA,NA
"NA.398",NA,NA,NA,NA,NA,NA
"NA.399",NA,NA,NA,NA,NA,NA
"NA.400",NA,NA,NA,NA,NA,NA
"NA.401",NA,NA,NA,NA,NA,NA
"NA.402",NA,NA,NA,NA,NA,NA
"NA.403",NA,NA,NA,NA,NA,NA
"NA.404",NA,NA,NA,NA,NA,NA
"NA.405",NA,NA,NA,NA,NA,NA
"NA.406",NA,NA,NA,NA,NA,NA
"NA.407",NA,NA,NA,NA,NA,NA
"NA.408",NA,NA,NA,NA,NA,NA
"NA.409",NA,NA,NA,NA,NA,NA
"NA.410",NA,NA,NA,NA,NA,NA
"NA.411",NA,NA,NA,NA,NA,NA
"NA.412",NA,NA,NA,NA,NA,NA
"NA.413",NA,NA,NA,NA,NA,NA
"NA.414",NA,NA,NA,NA,NA,NA
"NA.415",NA,NA,NA,NA,NA,NA
"NA.416",NA,NA,NA,NA,NA,NA
"NA.417",NA,NA,NA,NA,NA,NA
"NA.418",NA,NA,NA,NA,NA,NA
"NA.419",NA,NA,NA,NA,NA,NA
"NA.420",NA,NA,NA,NA,NA,NA
"NA.421",NA,NA,NA,NA,NA,NA
"NA.422",NA,NA,NA,NA,NA,NA
"NA.423",NA,NA,NA,NA,NA,NA
"NA.424",NA,NA,NA,NA,NA,NA
"NA.425",NA,NA,NA,NA,NA,NA
"NA.426",NA,NA,NA,NA,NA,NA
"NA.427",NA,NA,NA,NA,NA,NA
"NA.428",NA,NA,NA,NA,NA,NA
"NA.429",NA,NA,NA,NA,NA,NA
"NA.430",NA,NA,NA,NA,NA,NA
"NA.431",NA,NA,NA,NA,NA,NA
"NA.432",NA,NA,NA,NA,NA,NA
"NA.433",NA,NA,NA,NA,NA,NA
"NA.434",NA,NA,NA,NA,NA,NA
"NA.435",NA,NA,NA,NA,NA,NA
"NA.436",NA,NA,NA,NA,NA,NA
"NA.437",NA,NA,NA,NA,NA,NA
"NA.438",NA,NA,NA,NA,NA,NA
"NA.439",NA,NA,NA,NA,NA,NA
"NA.440",NA,NA,NA,NA,NA,NA
"NA.441",NA,NA,NA,NA,NA,NA
"NA.442",NA,NA,NA,NA,NA,NA
"NA.443",NA,NA,NA,NA,NA,NA
"NA.444",NA,NA,NA,NA,NA,NA
"NA.445",NA,NA,NA,NA,NA,NA
"NA.446",NA,NA,NA,NA,NA,NA
"NA.447",NA,NA,NA,NA,NA,NA
"NA.448",NA,NA,NA,NA,NA,NA
"NA.449",NA,NA,NA,NA,NA,NA
"NA.450",NA,NA,NA,NA,NA,NA
"NA.451",NA,NA,NA,NA,NA,NA
"NA.452",NA,NA,NA,NA,NA,NA
"NA.453",NA,NA,NA,NA,NA,NA
"NA.454",NA,NA,NA,NA,NA,NA
"NA.455",NA,NA,NA,NA,NA,NA
"NA.456",NA,NA,NA,NA,NA,NA
"NA.457",NA,NA,NA,NA,NA,NA
"NA.458",NA,NA,NA,NA,NA,NA
"NA.459",NA,NA,NA,NA,NA,NA
"NA.460",NA,NA,NA,NA,NA,NA
"NA.461",NA,NA,NA,NA,NA,NA
"NA.462",NA,NA,NA,NA,NA,NA
"NA.463",NA,NA,NA,NA,NA,NA
"NA.464",NA,NA,NA,NA,NA,NA
"NA.465",NA,NA,NA,NA,NA,NA
"NA.466",NA,NA,NA,NA,NA,NA
"NA.467",NA,NA,NA,NA,NA,NA
"NA.468",NA,NA,NA,NA,NA,NA
"NA.469",NA,NA,NA,NA,NA,NA
"NA.470",NA,NA,NA,NA,NA,NA
"NA.471",NA,NA,NA,NA,NA,NA
"NA.472",NA,NA,NA,NA,NA,NA
"NA.473",NA,NA,NA,NA,NA,NA
"NA.474",NA,NA,NA,NA,NA,NA
"NA.475",NA,NA,NA,NA,NA,NA
"NA.476",NA,NA,NA,NA,NA,NA
"NA.477",NA,NA,NA,NA,NA,NA
"NA.478",NA,NA,NA,NA,NA,NA
"NA.479",NA,NA,NA,NA,NA,NA
"NA.480",NA,NA,NA,NA,NA,NA
"NA.481",NA,NA,NA,NA,NA,NA
"NA.482",NA,NA,NA,NA,NA,NA
"NA.483",NA,NA,NA,NA,NA,NA
"NA.484",NA,NA,NA,NA,NA,NA
"NA.485",NA,NA,NA,NA,NA,NA
"NA.486",NA,NA,NA,NA,NA,NA
"NA.487",NA,NA,NA,NA,NA,NA
"NA.488",NA,NA,NA,NA,NA,NA
"NA.489",NA,NA,NA,NA,NA,NA
"NA.490",NA,NA,NA,NA,NA,NA
"NA.491",NA,NA,NA,NA,NA,NA
"NA.492",NA,NA,NA,NA,NA,NA
"NA.493",NA,NA,NA,NA,NA,NA
"NA.494",NA,NA,NA,NA,NA,NA
"NA.495",NA,NA,NA,NA,NA,NA
"NA.496",NA,NA,NA,NA,NA,NA
"NA.497",NA,NA,NA,NA,NA,NA
"NA.498",NA,NA,NA,NA,NA,NA
"NA.499",NA,NA,NA,NA,NA,NA
"NA.500",NA,NA,NA,NA,NA,NA
"NA.501",NA,NA,NA,NA,NA,NA
"NA.502",NA,NA,NA,NA,NA,NA
"NA.503",NA,NA,NA,NA,NA,NA
"NA.504",NA,NA,NA,NA,NA,NA
"NA.505",NA,NA,NA,NA,NA,NA
"NA.506",NA,NA,NA,NA,NA,NA
"NA.507",NA,NA,NA,NA,NA,NA
"NA.508",NA,NA,NA,NA,NA,NA
"NA.509",NA,NA,NA,NA,NA,NA
"NA.510",NA,NA,NA,NA,NA,NA
"NA.511",NA,NA,NA,NA,NA,NA
"NA.512",NA,NA,NA,NA,NA,NA
"NA.513",NA,NA,NA,NA,NA,NA
"NA.514",NA,NA,NA,NA,NA,NA
"NA.515",NA,NA,NA,NA,NA,NA
"NA.516",NA,NA,NA,NA,NA,NA
"NA.517",NA,NA,NA,NA,NA,NA
"NA.518",NA,NA,NA,NA,NA,NA
"NA.519",NA,NA,NA,NA,NA,NA
"NA.520",NA,NA,NA,NA,NA,NA
"NA.521",NA,NA,NA,NA,NA,NA
"NA.522",NA,NA,NA,NA,NA,NA
"NA.523",NA,NA,NA,NA,NA,NA
"NA.524",NA,NA,NA,NA,NA,NA
"NA.525",NA,NA,NA,NA,NA,NA
"NA.526",NA,NA,NA,NA,NA,NA
"NA.527",NA,NA,NA,NA,NA,NA
"NA.528",NA,NA,NA,NA,NA,NA
"NA.529",NA,NA,NA,NA,NA,NA
"NA.530",NA,NA,NA,NA,NA,NA
"NA.531",NA,NA,NA,NA,NA,NA
"NA.532",NA,NA,NA,NA,NA,NA
"NA.533",NA,NA,NA,NA,NA,NA
"NA.534",NA,NA,NA,NA,NA,NA
"NA.535",NA,NA,NA,NA,NA,NA
"NA.536",NA,NA,NA,NA,NA,NA
"NA.537",NA,NA,NA,NA,NA,NA
"NA.538",NA,NA,NA,NA,NA,NA
"NA.539",NA,NA,NA,NA,NA,NA
"NA.540",NA,NA,NA,NA,NA,NA
"NA.541",NA,NA,NA,NA,NA,NA
"NA.542",NA,NA,NA,NA,NA,NA
"NA.543",NA,NA,NA,NA,NA,NA
"NA.544",NA,NA,NA,NA,NA,NA
"NA.545",NA,NA,NA,NA,NA,NA
"NA.546",NA,NA,NA,NA,NA,NA
"NA.547",NA,NA,NA,NA,NA,NA
"NA.548",NA,NA,NA,NA,NA,NA
"NA.549",NA,NA,NA,NA,NA,NA
"NA.550",NA,NA,NA,NA,NA,NA
"NA.551",NA,NA,NA,NA,NA,NA
"NA.552",NA,NA,NA,NA,NA,NA
"NA.553",NA,NA,NA,NA,NA,NA
"NA.554",NA,NA,NA,NA,NA,NA
"NA.555",NA,NA,NA,NA,NA,NA
"NA.556",NA,NA,NA,NA,NA,NA
"NA.557",NA,NA,NA,NA,NA,NA
"NA.558",NA,NA,NA,NA,NA,NA
"NA.559",NA,NA,NA,NA,NA,NA
"NA.560",NA,NA,NA,NA,NA,NA
"NA.561",NA,NA,NA,NA,NA,NA
"NA.562",NA,NA,NA,NA,NA,NA
"NA.563",NA,NA,NA,NA,NA,NA
"NA.564",NA,NA,NA,NA,NA,NA
"NA.565",NA,NA,NA,NA,NA,NA
"NA.566",NA,NA,NA,NA,NA,NA
"NA.567",NA,NA,NA,NA,NA,NA
"NA.568",NA,NA,NA,NA,NA,NA
"NA.569",NA,NA,NA,NA,NA,NA
"NA.570",NA,NA,NA,NA,NA,NA
"NA.571",NA,NA,NA,NA,NA,NA
"NA.572",NA,NA,NA,NA,NA,NA
"NA.573",NA,NA,NA,NA,NA,NA
"NA.574",NA,NA,NA,NA,NA,NA
"NA.575",NA,NA,NA,NA,NA,NA
"NA.576",NA,NA,NA,NA,NA,NA
"NA.577",NA,NA,NA,NA,NA,NA
"NA.578",NA,NA,NA,NA,NA,NA
"NA.579",NA,NA,NA,NA,NA,NA
"NA.580",NA,NA,NA,NA,NA,NA
"NA.581",NA,NA,NA,NA,NA,NA
"NA.582",NA,NA,NA,NA,NA,NA
"NA.583",NA,NA,NA,NA,NA,NA
"NA.584",NA,NA,NA,NA,NA,NA
"NA.585",NA,NA,NA,NA,NA,NA
"NA.586",NA,NA,NA,NA,NA,NA
"NA.587",NA,NA,NA,NA,NA,NA
"NA.588",NA,NA,NA,NA,NA,NA
"NA.589",NA,NA,NA,NA,NA,NA
"NA.590",NA,NA,NA,NA,NA,NA
"NA.591",NA,NA,NA,NA,NA,NA
"NA.592",NA,NA,NA,NA,NA,NA
"NA.593",NA,NA,NA,NA,NA,NA
"NA.594",NA,NA,NA,NA,NA,NA
"NA.595",NA,NA,NA,NA,NA,NA
"NA.596",NA,NA,NA,NA,NA,NA
"NA.597",NA,NA,NA,NA,NA,NA
"NA.598",NA,NA,NA,NA,NA,NA
"NA.599",NA,NA,NA,NA,NA,NA
"NA.600",NA,NA,NA,NA,NA,NA
"NA.601",NA,NA,NA,NA,NA,NA
"NA.602",NA,NA,NA,NA,NA,NA
"NA.603",NA,NA,NA,NA,NA,NA
"NA.604",NA,NA,NA,NA,NA,NA
"NA.605",NA,NA,NA,NA,NA,NA
"NA.606",NA,NA,NA,NA,NA,NA
"NA.607",NA,NA,NA,NA,NA,NA
"NA.608",NA,NA,NA,NA,NA,NA
"NA.609",NA,NA,NA,NA,NA,NA
"NA.610",NA,NA,NA,NA,NA,NA
"NA.611",NA,NA,NA,NA,NA,NA
"NA.612",NA,NA,NA,NA,NA,NA
"NA.613",NA,NA,NA,NA,NA,NA
"NA.614",NA,NA,NA,NA,NA,NA
"NA.615",NA,NA,NA,NA,NA,NA
"NA.616",NA,NA,NA,NA,NA,NA
"NA.617",NA,NA,NA,NA,NA,NA
"NA.618",NA,NA,NA,NA,NA,NA
"NA.619",NA,NA,NA,NA,NA,NA
"NA.620",NA,NA,NA,NA,NA,NA
"NA.621",NA,NA,NA,NA,NA,NA
"NA.622",NA,NA,NA,NA,NA,NA
"NA.623",NA,NA,NA,NA,NA,NA
"NA.624",NA,NA,NA,NA,NA,NA
"NA.625",NA,NA,NA,NA,NA,NA
"NA.626",NA,NA,NA,NA,NA,NA
"NA.627",NA,NA,NA,NA,NA,NA
"NA.628",NA,NA,NA,NA,NA,NA
"NA.629",NA,NA,NA,NA,NA,NA
"NA.630",NA,NA,NA,NA,NA,NA
"NA.631",NA,NA,NA,NA,NA,NA
"NA.632",NA,NA,NA,NA,NA,NA
"NA.633",NA,NA,NA,NA,NA,NA
"NA.634",NA,NA,NA,NA,NA,NA
"NA.635",NA,NA,NA,NA,NA,NA
"NA.636",NA,NA,NA,NA,NA,NA
"NA.637",NA,NA,NA,NA,NA,NA
"NA.638",NA,NA,NA,NA,NA,NA
"NA.639",NA,NA,NA,NA,NA,NA
"NA.640",NA,NA,NA,NA,NA,NA
"NA.641",NA,NA,NA,NA,NA,NA
"NA.642",NA,NA,NA,NA,NA,NA
"NA.643",NA,NA,NA,NA,NA,NA
"NA.644",NA,NA,NA,NA,NA,NA
"NA.645",NA,NA,NA,NA,NA,NA
"NA.646",NA,NA,NA,NA,NA,NA
"NA.647",NA,NA,NA,NA,NA,NA
"NA.648",NA,NA,NA,NA,NA,NA
"NA.649",NA,NA,NA,NA,NA,NA
"NA.650",NA,NA,NA,NA,NA,NA
"NA.651",NA,NA,NA,NA,NA,NA
"NA.652",NA,NA,NA,NA,NA,NA
"NA.653",NA,NA,NA,NA,NA,NA
"NA.654",NA,NA,NA,NA,NA,NA
"NA.655",NA,NA,NA,NA,NA,NA
"NA.656",NA,NA,NA,NA,NA,NA
"NA.657",NA,NA,NA,NA,NA,NA
"NA.658",NA,NA,NA,NA,NA,NA
"NA.659",NA,NA,NA,NA,NA,NA
"NA.660",NA,NA,NA,NA,NA,NA
"NA.661",NA,NA,NA,NA,NA,NA
"NA.662",NA,NA,NA,NA,NA,NA
"NA.663",NA,NA,NA,NA,NA,NA
"NA.664",NA,NA,NA,NA,NA,NA
"NA.665",NA,NA,NA,NA,NA,NA
"NA.666",NA,NA,NA,NA,NA,NA
"NA.667",NA,NA,NA,NA,NA,NA
"NA.668",NA,NA,NA,NA,NA,NA
"NA.669",NA,NA,NA,NA,NA,NA
"NA.670",NA,NA,NA,NA,NA,NA
"NA.671",NA,NA,NA,NA,NA,NA
"NA.672",NA,NA,NA,NA,NA,NA
"NA.673",NA,NA,NA,NA,NA,NA
"NA.674",NA,NA,NA,NA,NA,NA
"NA.675",NA,NA,NA,NA,NA,NA
"NA.676",NA,NA,NA,NA,NA,NA
"NA.677",NA,NA,NA,NA,NA,NA
"NA.678",NA,NA,NA,NA,NA,NA
"NA.679",NA,NA,NA,NA,NA,NA
"NA.680",NA,NA,NA,NA,NA,NA
"NA.681",NA,NA,NA,NA,NA,NA
"NA.682",NA,NA,NA,NA,NA,NA
"NA.683",NA,NA,NA,NA,NA,NA
"NA.684",NA,NA,NA,NA,NA,NA
"NA.685",NA,NA,NA,NA,NA,NA
"NA.686",NA,NA,NA,NA,NA,NA
"NA.687",NA,NA,NA,NA,NA,NA
"NA.688",NA,NA,NA,NA,NA,NA
"NA.689",NA,NA,NA,NA,NA,NA
"NA.690",NA,NA,NA,NA,NA,NA
"NA.691",NA,NA,NA,NA,NA,NA
"NA.692",NA,NA,NA,NA,NA,NA
"NA.693",NA,NA,NA,NA,NA,NA
"NA.694",NA,NA,NA,NA,NA,NA
"NA.695",NA,NA,NA,NA,NA,NA
"NA.696",NA,NA,NA,NA,NA,NA
"NA.697",NA,NA,NA,NA,NA,NA
"NA.698",NA,NA,NA,NA,NA,NA
"NA.699",NA,NA,NA,NA,NA,NA
"NA.700",NA,NA,NA,NA,NA,NA
"NA.701",NA,NA,NA,NA,NA,NA
"NA.702",NA,NA,NA,NA,NA,NA
"NA.703",NA,NA,NA,NA,NA,NA
"NA.704",NA,NA,NA,NA,NA,NA
"NA.705",NA,NA,NA,NA,NA,NA
"NA.706",NA,NA,NA,NA,NA,NA
"NA.707",NA,NA,NA,NA,NA,NA
"NA.708",NA,NA,NA,NA,NA,NA
"NA.709",NA,NA,NA,NA,NA,NA
"NA.710",NA,NA,NA,NA,NA,NA
"NA.711",NA,NA,NA,NA,NA,NA
"NA.712",NA,NA,NA,NA,NA,NA
"NA.713",NA,NA,NA,NA,NA,NA
"NA.714",NA,NA,NA,NA,NA,NA
"NA.715",NA,NA,NA,NA,NA,NA
"NA.716",NA,NA,NA,NA,NA,NA
"NA.717",NA,NA,NA,NA,NA,NA
"NA.718",NA,NA,NA,NA,NA,NA
"NA.719",NA,NA,NA,NA,NA,NA
"NA.720",NA,NA,NA,NA,NA,NA
"NA.721",NA,NA,NA,NA,NA,NA
"NA.722",NA,NA,NA,NA,NA,NA
"NA.723",NA,NA,NA,NA,NA,NA
"NA.724",NA,NA,NA,NA,NA,NA
"NA.725",NA,NA,NA,NA,NA,NA
"NA.726",NA,NA,NA,NA,NA,NA
"NA.727",NA,NA,NA,NA,NA,NA
"NA.728",NA,NA,NA,NA,NA,NA
"NA.729",NA,NA,NA,NA,NA,NA
"NA.730",NA,NA,NA,NA,NA,NA
"NA.731",NA,NA,NA,NA,NA,NA
"NA.732",NA,NA,NA,NA,NA,NA
"NA.733",NA,NA,NA,NA,NA,NA
"NA.734",NA,NA,NA,NA,NA,NA
"NA.735",NA,NA,NA,NA,NA,NA
"NA.736",NA,NA,NA,NA,NA,NA
"NA.737",NA,NA,NA,NA,NA,NA
"NA.738",NA,NA,NA,NA,NA,NA
"NA.739",NA,NA,NA,NA,NA,NA
"NA.740",NA,NA,NA,NA,NA,NA
"NA.741",NA,NA,NA,NA,NA,NA
"NA.742",NA,NA,NA,NA,NA,NA
"NA.743",NA,NA,NA,NA,NA,NA
"NA.744",NA,NA,NA,NA,NA,NA
"NA.745",NA,NA,NA,NA,NA,NA
"NA.746",NA,NA,NA,NA,NA,NA
"NA.747",NA,NA,NA,NA,NA,NA
"NA.748",NA,NA,NA,NA,NA,NA
"NA.749",NA,NA,NA,NA,NA,NA
"NA.750",NA,NA,NA,NA,NA,NA
"NA.751",NA,NA,NA,NA,NA,NA
"NA.752",NA,NA,NA,NA,NA,NA
"NA.753",NA,NA,NA,NA,NA,NA
"NA.754",NA,NA,NA,NA,NA,NA
"NA.755",NA,NA,NA,NA,NA,NA
"NA.756",NA,NA,NA,NA,NA,NA
"NA.757",NA,NA,NA,NA,NA,NA
"NA.758",NA,NA,NA,NA,NA,NA
"NA.759",NA,NA,NA,NA,NA,NA
"NA.760",NA,NA,NA,NA,NA,NA
"NA.761",NA,NA,NA,NA,NA,NA
"NA.762",NA,NA,NA,NA,NA,NA
"NA.763",NA,NA,NA,NA,NA,NA
"NA.764",NA,NA,NA,NA,NA,NA
"NA.765",NA,NA,NA,NA,NA,NA
"NA.766",NA,NA,NA,NA,NA,NA
"NA.767",NA,NA,NA,NA,NA,NA
"NA.768",NA,NA,NA,NA,NA,NA
"NA.769",NA,NA,NA,NA,NA,NA
"NA.770",NA,NA,NA,NA,NA,NA
"NA.771",NA,NA,NA,NA,NA,NA
"NA.772",NA,NA,NA,NA,NA,NA
"NA.773",NA,NA,NA,NA,NA,NA
"NA.774",NA,NA,NA,NA,NA,NA
"NA.775",NA,NA,NA,NA,NA,NA
"NA.776",NA,NA,NA,NA,NA,NA
"NA.777",NA,NA,NA,NA,NA,NA
"NA.778",NA,NA,NA,NA,NA,NA
"NA.779",NA,NA,NA,NA,NA,NA
"NA.780",NA,NA,NA,NA,NA,NA
"NA.781",NA,NA,NA,NA,NA,NA
"NA.782",NA,NA,NA,NA,NA,NA
"NA.783",NA,NA,NA,NA,NA,NA
"NA.784",NA,NA,NA,NA,NA,NA
"NA.785",NA,NA,NA,NA,NA,NA
"NA.786",NA,NA,NA,NA,NA,NA
"NA.787",NA,NA,NA,NA,NA,NA
"NA.788",NA,NA,NA,NA,NA,NA
"NA.789",NA,NA,NA,NA,NA,NA
"NA.790",NA,NA,NA,NA,NA,NA
"NA.791",NA,NA,NA,NA,NA,NA
"NA.792",NA,NA,NA,NA,NA,NA
"NA.793",NA,NA,NA,NA,NA,NA
"NA.794",NA,NA,NA,NA,NA,NA
"NA.795",NA,NA,NA,NA,NA,NA
"NA.796",NA,NA,NA,NA,NA,NA
"NA.797",NA,NA,NA,NA,NA,NA
"NA.798",NA,NA,NA,NA,NA,NA
"NA.799",NA,NA,NA,NA,NA,NA
"NA.800",NA,NA,NA,NA,NA,NA
"NA.801",NA,NA,NA,NA,NA,NA
"NA.802",NA,NA,NA,NA,NA,NA
"NA.803",NA,NA,NA,NA,NA,NA
"NA.804",NA,NA,NA,NA,NA,NA
"NA.805",NA,NA,NA,NA,NA,NA
"NA.806",NA,NA,NA,NA,NA,NA
"NA.807",NA,NA,NA,NA,NA,NA
"NA.808",NA,NA,NA,NA,NA,NA
"NA.809",NA,NA,NA,NA,NA,NA
"NA.810",NA,NA,NA,NA,NA,NA
"NA.811",NA,NA,NA,NA,NA,NA
"NA.812",NA,NA,NA,NA,NA,NA
"NA.813",NA,NA,NA,NA,NA,NA
"NA.814",NA,NA,NA,NA,NA,NA
"NA.815",NA,NA,NA,NA,NA,NA
"NA.816",NA,NA,NA,NA,NA,NA
"NA.817",NA,NA,NA,NA,NA,NA
"NA.818",NA,NA,NA,NA,NA,NA
"NA.819",NA,NA,NA,NA,NA,NA
"NA.820",NA,NA,NA,NA,NA,NA
"NA.821",NA,NA,NA,NA,NA,NA
"NA.822",NA,NA,NA,NA,NA,NA
"NA.823",NA,NA,NA,NA,NA,NA
"NA.824",NA,NA,NA,NA,NA,NA
"NA.825",NA,NA,NA,NA,NA,NA
"NA.826",NA,NA,NA,NA,NA,NA
"NA.827",NA,NA,NA,NA,NA,NA
"NA.828",NA,NA,NA,NA,NA,NA
"NA.829",NA,NA,NA,NA,NA,NA
"NA.830",NA,NA,NA,NA,NA,NA
"NA.831",NA,NA,NA,NA,NA,NA
"NA.832",NA,NA,NA,NA,NA,NA
"NA.833",NA,NA,NA,NA,NA,NA
"NA.834",NA,NA,NA,NA,NA,NA
"NA.835",NA,NA,NA,NA,NA,NA
"NA.836",NA,NA,NA,NA,NA,NA
"NA.837",NA,NA,NA,NA,NA,NA
"NA.838",NA,NA,NA,NA,NA,NA
"NA.839",NA,NA,NA,NA,NA,NA
"NA.840",NA,NA,NA,NA,NA,NA
"NA.841",NA,NA,NA,NA,NA,NA
"NA.842",NA,NA,NA,NA,NA,NA
"NA.843",NA,NA,NA,NA,NA,NA
"NA.844",NA,NA,NA,NA,NA,NA
"NA.845",NA,NA,NA,NA,NA,NA
"NA.846",NA,NA,NA,NA,NA,NA
"NA.847",NA,NA,NA,NA,NA,NA
"NA.848",NA,NA,NA,NA,NA,NA
"NA.849",NA,NA,NA,NA,NA,NA
"NA.850",NA,NA,NA,NA,NA,NA
"NA.851",NA,NA,NA,NA,NA,NA
"NA.852",NA,NA,NA,NA,NA,NA
"NA.853",NA,NA,NA,NA,NA,NA
"NA.854",NA,NA,NA,NA,NA,NA
"NA.855",NA,NA,NA,NA,NA,NA
"NA.856",NA,NA,NA,NA,NA,NA
"NA.857",NA,NA,NA,NA,NA,NA
"NA.858",NA,NA,NA,NA,NA,NA
"NA.859",NA,NA,NA,NA,NA,NA
"NA.860",NA,NA,NA,NA,NA,NA
"NA.861",NA,NA,NA,NA,NA,NA
"NA.862",NA,NA,NA,NA,NA,NA
"NA.863",NA,NA,NA,NA,NA,NA
"NA.864",NA,NA,NA,NA,NA,NA
"NA.865",NA,NA,NA,NA,NA,NA
"NA.866",NA,NA,NA,NA,NA,NA
"NA.867",NA,NA,NA,NA,NA,NA
"NA.868",NA,NA,NA,NA,NA,NA
"NA.869",NA,NA,NA,NA,NA,NA
"NA.870",NA,NA,NA,NA,NA,NA
"NA.871",NA,NA,NA,NA,NA,NA
"NA.872",NA,NA,NA,NA,NA,NA
"NA.873",NA,NA,NA,NA,NA,NA
"NA.874",NA,NA,NA,NA,NA,NA
"NA.875",NA,NA,NA,NA,NA,NA
"NA.876",NA,NA,NA,NA,NA,NA
"NA.877",NA,NA,NA,NA,NA,NA
"NA.878",NA,NA,NA,NA,NA,NA
"NA.879",NA,NA,NA,NA,NA,NA
"NA.880",NA,NA,NA,NA,NA,NA
"NA.881",NA,NA,NA,NA,NA,NA
"NA.882",NA,NA,NA,NA,NA,NA
"NA.883",NA,NA,NA,NA,NA,NA
"NA.884",NA,NA,NA,NA,NA,NA
"NA.885",NA,NA,NA,NA,NA,NA
"NA.886",NA,NA,NA,NA,NA,NA
"NA.887",NA,NA,NA,NA,NA,NA
"NA.888",NA,NA,NA,NA,NA,NA
"NA.889",NA,NA,NA,NA,NA,NA
"NA.890",NA,NA,NA,NA,NA,NA
"NA.891",NA,NA,NA,NA,NA,NA
"NA.892",NA,NA,NA,NA,NA,NA
"NA.893",NA,NA,NA,NA,NA,NA
"NA.894",NA,NA,NA,NA,NA,NA
"NA.895",NA,NA,NA,NA,NA,NA
"NA.896",NA,NA,NA,NA,NA,NA
"NA.897",NA,NA,NA,NA,NA,NA
"NA.898",NA,NA,NA,NA,NA,NA
"NA.899",NA,NA,NA,NA,NA,NA
"NA.900",NA,NA,NA,NA,NA,NA
"NA.901",NA,NA,NA,NA,NA,NA
"NA.902",NA,NA,NA,NA,NA,NA
"NA.903",NA,NA,NA,NA,NA,NA
"NA.904",NA,NA,NA,NA,NA,NA
"NA.905",NA,NA,NA,NA,NA,NA
"NA.906",NA,NA,NA,NA,NA,NA
"NA.907",NA,NA,NA,NA,NA,NA
"NA.908",NA,NA,NA,NA,NA,NA
"NA.909",NA,NA,NA,NA,NA,NA
"NA.910",NA,NA,NA,NA,NA,NA
"NA.911",NA,NA,NA,NA,NA,NA
"NA.912",NA,NA,NA,NA,NA,NA
"NA.913",NA,NA,NA,NA,NA,NA
"NA.914",NA,NA,NA,NA,NA,NA
"NA.915",NA,NA,NA,NA,NA,NA
"NA.916",NA,NA,NA,NA,NA,NA
"NA.917",NA,NA,NA,NA,NA,NA
"NA.918",NA,NA,NA,NA,NA,NA
"NA.919",NA,NA,NA,NA,NA,NA
"NA.920",NA,NA,NA,NA,NA,NA
"NA.921",NA,NA,NA,NA,NA,NA
"NA.922",NA,NA,NA,NA,NA,NA
"NA.923",NA,NA,NA,NA,NA,NA
"NA.924",NA,NA,NA,NA,NA,NA
"NA.925",NA,NA,NA,NA,NA,NA
"NA.926",NA,NA,NA,NA,NA,NA
"NA.927",NA,NA,NA,NA,NA,NA
"NA.928",NA,NA,NA,NA,NA,NA
"NA.929",NA,NA,NA,NA,NA,NA
